type,name.first,name.last,location.street.number,location.street.name,location.city,location.state,location.postcode,email,dob.date,dob.age,phone,cell
personal,Charlene,Price,8200,Spring St,Tampa,Louisiana,42681,charlene.price@example.com,1945-03-02T11:02:55.760Z,77,(702) 879-1332,(399) 810-9725
work,Grace,Allen,8015,Sunset St,Worcester,Tennessee,90078,grace.allen@example.com,1966-02-09T01:46:21.096Z,57,(488) 873-7990,(933) 283-6864
personal,Ramona,Harper,7166,Marsh Ln,Brownsville,Mississippi,11672,ramona.harper@example.com,1998-05-18T19:12:04.077Z,24,(792) 418-9195,(496) 604-2183
personal,Delores,Tucker,1415,Hickory Creek Dr,Laredo,Illinois,19706,delores.tucker@example.com,1959-07-27T23:55:54.926Z,63,(363) 498-2130,(518) 250-7155
work,Erika,Shelton,5317,Samaritan Dr,Boston,Utah,89151,erika.shelton@example.com,1974-11-13T13:08:10.262Z,48,(544) 981-4080,(986) 551-9884
personal,Zachary,Wilson,2180,Hogan St,West Covina,Washington,88438,zachary.wilson@example.com,1963-04-21T23:56:26.864Z,59,(220) 268-9443,(631) 949-1343
personal,Ethel,Ramos,1653,Railroad St,Ennis,South Carolina,74924,ethel.ramos@example.com,1997-03-06T11:26:13.630Z,25,(439) 359-3805,(653) 333-0650
work,Reginald,Snyder,4157,Depaul Dr,Las Vegas,New Hampshire,61508,reginald.snyder@example.com,1950-09-20T02:39:50.372Z,72,(582) 493-9176,(203) 548-6894
personal,Joanne,Mckinney,5464,Valwood Pkwy,Knoxville,Washington,29651,joanne.mckinney@example.com,1995-03-05T20:32:26.302Z,27,(741) 720-9305,(352) 357-1781
personal,Mia,Stevens,4114,Nowlin Rd,Rochester,Iowa,95800,mia.stevens@example.com,1996-02-01T09:55:29.839Z,27,(525) 234-5722,(772) 966-0309
work,Edwin,Daniels,4626,Depaul Dr,New York,North Carolina,89459,edwin.daniels@example.com,1958-06-23T03:44:12.031Z,64,(729) 478-7032,(316) 683-4310
personal,Kay,Parker,7772,Thornridge Cir,Fresno,Wisconsin,65676,kay.parker@example.com,1948-11-21T17:47:12.737Z,74,(806) 852-9743,(208) 859-9778
personal,Eli,Mitchell,110,Ranchview Dr,Fargo,Rhode Island,78236,eli.mitchell@example.com,1972-02-25T03:37:01.561Z,51,(923) 752-4417,(390) 979-3418
work,Georgia,Allen,9231,Daisy Dr,Worcester,New York,70063,georgia.allen@example.com,1984-07-18T16:44:33.939Z,38,(353) 528-9097,(517) 591-4045
personal,Jon,Horton,8433,Lakeshore Rd,Fargo,Missouri,59252,jon.horton@example.com,1975-09-20T22:45:36.576Z,47,(918) 505-4990,(960) 750-6584
personal,Willie,Flores,7575,Frances Ct,Grand Rapids,Idaho,61718,willie.flores@example.com,1955-05-21T14:01:01.869Z,67,(675) 480-4319,(258) 445-6599
work,Letitia,Holland,2530,Dogwood Ave,Baltimore,Massachusetts,28083,letitia.holland@example.com,1946-02-15T16:28:12.240Z,77,(571) 427-6749,(822) 500-8372
personal,Steven,Peck,9982,Lakeshore Rd,Cape Coral,Georgia,50287,steven.peck@example.com,1967-01-22T20:51:11.183Z,56,(894) 402-4128,(965) 372-9525
personal,Lloyd,Mitchell,1843,Mockingbird Ln,Indianapolis,North Carolina,69557,lloyd.mitchell@example.com,1997-10-09T01:03:32.581Z,25,(445) 203-3935,(357) 929-9060
work,Judith,Garza,9533,Groveland Terrace,Mesa,Delaware,52475,judith.garza@example.com,1959-01-06T08:20:22.542Z,64,(709) 472-0879,(766) 624-4722
personal,Carolyn,Dunn,8700,Elgin St,Cedar Rapids,Arkansas,83840,carolyn.dunn@example.com,1988-07-04T06:32:22.360Z,34,(588) 870-3508,(409) 686-5713
personal,Sally,Hill,3010,W Dallas St,York,Washington,94607,sally.hill@example.com,1996-06-26T17:05:13.672Z,26,(323) 873-8974,(746) 275-7053
work,Samantha,Boyd,8265,Groveland Terrace,Mobile,Delaware,28555,samantha.boyd@example.com,2000-09-25T04:58:32.916Z,22,(202) 270-8809,(426) 685-7625
personal,Mathew,Wheeler,8672,Hillcrest Rd,Akron,Virginia,24234,mathew.wheeler@example.com,1993-10-01T15:03:07.148Z,29,(599) 801-5069,(819) 792-4290
personal,Edna,Coleman,8394,Locust Rd,College Station,Minnesota,50726,edna.coleman@example.com,1954-11-08T18:16:13.554Z,68,(597) 618-0336,(238) 837-5171
work,Tony,Coleman,7966,Wheeler Ridge Dr,Des Moines,Ohio,65777,tony.coleman@example.com,1986-01-07T23:14:47.188Z,37,(579) 560-0999,(994) 221-9016
personal,Miriam,Hughes,4290,Cackson St,Carrollton,West Virginia,72900,miriam.hughes@example.com,1969-11-29T09:15:55.037Z,53,(705) 417-5471,(997) 263-8413
personal,Aubrey,Reyes,5235,Avondale Ave,Shiloh,Louisiana,85953,aubrey.reyes@example.com,1961-01-21T12:05:45.450Z,62,(893) 550-0660,(352) 986-9340
work,Phillip,Sutton,9681,Stevens Creek Blvd,Newark,Oklahoma,26001,phillip.sutton@example.com,1946-02-08T19:19:18.195Z,77,(930) 894-0748,(464) 967-5141
personal,Marcia,Wade,5422,Plum St,Chattanooga,Colorado,54606,marcia.wade@example.com,1992-11-16T11:00:18.106Z,30,(382) 594-3577,(979) 711-9960
personal,Victor,Foster,6374,Crockett St,Sacramento,Arkansas,17402,victor.foster@example.com,1949-11-30T08:48:39.938Z,73,(649) 526-0180,(794) 796-1185
work,Marcia,Peck,3829,Sunset St,Elko,Massachusetts,63927,marcia.peck@example.com,1953-05-26T03:05:36.582Z,69,(898) 299-0044,(977) 262-5967
personal,Eduardo,West,6205,Timber Wolf Trail,Dallas,Montana,62066,eduardo.west@example.com,1974-03-23T19:40:54.867Z,48,(421) 556-9172,(901) 520-0812
personal,Miguel,Terry,364,W Campbell Ave,Los Angeles,Mississippi,20492,miguel.terry@example.com,1961-01-13T08:21:56.400Z,62,(527) 280-5037,(286) 291-1122
work,Dean,Diaz,486,Harrison Ct,Austin,Florida,31957,dean.diaz@example.com,1997-08-29T22:57:16.165Z,25,(572) 677-4349,(963) 529-5028
personal,Georgia,Long,7459,Elgin St,Bernalillo,Alabama,43507,georgia.long@example.com,1970-06-27T18:37:27.312Z,52,(678) 820-5702,(448) 628-1429
personal,Same,Lopez,1266,Shady Ln Dr,El Paso,Pennsylvania,19032,same.lopez@example.com,1949-10-20T22:22:45.607Z,73,(234) 974-3120,(314) 909-1650
work,Gwendolyn,Carlson,8415,E North St,Fremont,Arizona,36007,gwendolyn.carlson@example.com,1951-05-30T11:14:46.351Z,71,(989) 509-5014,(642) 778-3333
personal,Ivan,Rogers,4253,College St,Tampa,Minnesota,92812,ivan.rogers@example.com,1968-03-09T03:53:29.170Z,54,(980) 903-6889,(683) 605-2909
personal,Nicole,Phillips,9600,Rolling Green Rd,Milwaukee,Georgia,86299,nicole.phillips@example.com,1986-12-04T11:44:17.752Z,36,(818) 971-8809,(809) 624-2417
work,Toni,Moreno,8341,Spring St,Carlsbad,Montana,47232,toni.moreno@example.com,1945-11-07T04:54:57.829Z,77,(316) 564-6251,(788) 570-6474
personal,Kaylee,Hanson,8692,Westheimer Rd,Atlanta,Minnesota,30149,kaylee.hanson@example.com,1986-11-06T15:13:32.818Z,36,(454) 230-0335,(504) 368-6187
personal,Norman,Oliver,4440,Mcgowen St,Roanoke,Connecticut,89496,norman.oliver@example.com,1992-03-21T08:41:00.232Z,30,(884) 379-9010,(213) 274-9203
work,Jennie,Rogers,9791,Spring St,Salinas,Nevada,19400,jennie.rogers@example.com,1999-02-15T08:46:38.629Z,24,(644) 661-5344,(705) 666-0474
personal,Micheal,Hunt,2595,Sunset St,Thornton,New Hampshire,31821,micheal.hunt@example.com,1965-04-29T04:23:23.388Z,57,(739) 216-1464,(977) 975-3142
personal,Erica,Simpson,9225,White Oak Dr,Stanley,Delaware,47768,erica.simpson@example.com,1965-12-14T08:22:33.928Z,57,(675) 756-1463,(357) 614-3286
work,Elaine,Brewer,486,W 6th St,Thousand Oaks,Maryland,71121,elaine.brewer@example.com,1947-05-19T18:25:57.478Z,75,(658) 434-0229,(867) 590-7580
personal,Savannah,Walker,3306,Ranchview Dr,Cambridge,Idaho,43031,savannah.walker@example.com,1947-03-19T11:34:24.555Z,75,(472) 760-1614,(564) 735-5313
personal,Landon,Fleming,8854,Hogan St,Colorado Springs,Alaska,31142,landon.fleming@example.com,1979-06-09T17:08:58.531Z,43,(335) 830-7722,(394) 648-4746
work,Duane,Fernandez,6895,Miller Ave,Overland Park,Wyoming,33493,duane.fernandez@example.com,1956-01-14T16:17:11.417Z,67,(488) 486-4253,(719) 543-7318
